id,title,carbs,proteins,fats,gi,is_complex,complex_data,deleted,date,user_id
2228,"–û—Ä–µ—Ö–∏ - –∞—Ä–∞—Ö–∏—Å –∂–∞—Ä., —Å–æ–ª.",10.00,27.00,48.00,45,,,,2018-06-23 17:32:40,5
806,,54.00,8.50,1.00,70,,,,2017-06-29 9:11:28,5
834,,51.00,9.00,3.00,70,,,,2017-06-29 9:11:28,5
1162,–ë–∞–≥–µ—Ç —Ñ—Ä–∞–Ω—Ü—É–∑—Å–∫–∏–π,62.30,10.30,1.30,60,,,,2017-06-29 9:11:28,5
1614,,35.00,8.20,0.50,65,,,,2017-10-31 21:08:04,5
755,,54.20,7.50,1.50,70,,,,2017-06-29 9:11:28,5
977,,59.00,8.00,1.50,65,,,,2017-06-29 9:11:28,5
1635,,55.40,7.80,2.00,50,,,,2017-11-09 21:06:03,5
859,–ë–∞—Ç–æ–Ω —Ç—Ä–∞–¥–∏—Ü–∏–æ–Ω–Ω—ã–π,56.30,7.80,2.60,65,,,,2017-06-29 9:11:28,5
865,,62.80,8.30,17.80,70,,,,2017-06-29 9:11:28,5
879,,70.70,4.00,7.30,60,,,,2017-06-29 9:11:28,5
1226,,65.70,4.70,14.90,65,,,,2017-07-03 15:33:13,5
,,67.00,5.00,19.00,75,,,,2018-06-08 8:14:09,5
2170,,73.00,6.50,9.00,75,,,,2018-06-05 6:44:49,5
951,,28.80,22.40,5.60,60,,,,2017-06-29 9:11:28,5
866,,62.80,8.30,17.80,70,,,,2017-06-29 9:11:28,5
1693,,62.16,2.51,0.48,70,,,,2017-11-27 10:35:58,5
1695,,62.82,2.53,0.44,75,,,,2017-11-27 12:31:54,5
1694,,58.00,2.27,0.41,75,,,,2017-11-27 12:30:47,5
1180,,68.70,5.70,14.90,60,,,,2017-06-29 9:11:28,5
1237,,13.20,5.50,0.40,45,,,,2017-07-06 13:45:58,5
1378,–ë—Ä—é—Å—Å–µ–ª—å—Å–∫–∞—è –∫–∞–ø—É—Å—Ç–∞,3.20,4.50,0.50,30,,,,2017-08-17 10:17:43,5
2058,–ë—É–ª–≥—É—Ä –±—Ä–∞–≤–æ–ª–ª–∏,68.00,13.00,1.50,75,,,,2018-04-22 6:58:48,5
1510,,59.00,11.00,6.00,65,,,,2017-09-27 13:33:08,5
1512,,48.00,4.50,14.00,60,,,,2017-09-27 13:34:14,5
1511,–ë—É–ª–æ—á–∫–∞ —è–∑—ã—á–æ–∫,57.00,7.50,4.00,70,,,,2017-09-27 13:33:33,5
579,–ë—É–ª—å–æ–Ω –≥–æ–≤—è–∂–∏–π,0.20,7.40,2.60,60,,,,2017-06-29 9:11:28,5
578,–ë—É–ª—å–æ–Ω –∫—É—Ä–∏–Ω—ã–π,0.40,4.30,3.60,60,,,,2017-06-29 9:11:28,5
1446,–í–∞—Ä—ë–Ω–∞—è –∫—É–∫—É—Ä—É–∑–∞ ,15.00,3.00,3.00,70,,,,2017-09-07 9:44:22,5
788,–í–∞—Ä–µ–Ω–∞—è —Å–≥—É—â—ë–Ω–∫–∞,54.50,6.40,8.50,70,,,,2017-06-29 9:11:28,5
626,–í–∞—Ä–µ–Ω–∏–∫–∏ —Å –≤–∏—à–Ω–µ–π,30.50,5.20,9.50,65,,,,2017-06-29 9:11:28,5
1364,,44.00,4.00,1.00,70,,,,2017-08-13 17:11:48,5
2011,–í–∞—Ñ–µ–ª—å–Ω—ã–π –∫–æ–Ω—É—Å,75.00,11.00,4.00,75,,,,2018-04-04 14:39:48,5
1965,–í–∞—Ñ–µ–ª—å–Ω—ã–π —Ä–æ–∂–æ–∫ ,62.50,10.50,5.40,65,,,,2018-03-05 12:38:33,5

1249,–í–∞—Ñ–ª–∏ –≤–∏—Ç–æ—à–∞,61.00,7.10,28.00,40,,,,2017-07-08 12:23:51,5



868,,3.00,16.00,9.00,60,,,,2017-06-29 9:11:28,5
627,–°–∞–ª–∞—Ç - –≤–∏–Ω–µ–≥—Ä–µ—Ç,6.70,1.60,15.50,61,,,,2017-06-29 9:11:28,5
1463,,59.00,5.00,31.00,60,,,,2017-09-12 13:24:39,5
684,–í–æ–¥–∞,0.00,1.00,0.00,0,,,,2017-06-29 9:11:28,5

2046,,19.10,3.70,0.40,70,,,,2018-04-19 13:54:45,5
650,–ì–µ—Ä–∫—É–ª–µ—Å,63.00,13.00,6.00,50,,,,2017-06-29 9:11:28,5
1618,,59.00,13.20,5.90,70,,,,2017-11-01 20:29:02,5
1700,,49.00,11.00,6.00,70,,,,2017-11-30 6:09:03,5
1722,,62.00,13.00,6.00,65,,,,2017-12-10 6:54:13,5
703,–≥–ª—é–∫–æ–∑–∞,100.00,0.00,0.00,100,,,,2017-06-29 9:11:28,5

725,,7.40,5.50,0.70,48,,,,2017-06-29 9:11:28,5
1630,–ì–æ—Ä–æ—à–µ–∫ –º–æ—Ä–æ–∂–µ–Ω–Ω—ã–π,12.30,6.60,0.50,40,,,,2017-11-06 15:58:13,5


1075,,66.00,13.00,3.00,40,,,,2017-06-29 9:11:28,5
784,,60.70,12.60,3.30,60,,,,2017-06-29 9:11:28,5
955,,68.00,12.60,2.60,60,,,,2017-06-29 9:11:28,5
1980,,62.20,12.60,3.30,65,,,,2018-03-16 10:59:52,5
580,,71.50,13.25,3.40,40,,,,2017-06-29 9:11:28,5
664,,67.00,12.00,2.00,54,,,,2017-06-29 9:11:28,5
1186,,69.30,5.90,0.60,50,,,,2017-06-29 9:11:28,5
1773,–ì—Ä–µ—á–Ω–µ–≤–∞—è –ª–∞–ø—à–∞,62.00,10.00,0.50,50,,,,2017-12-29 5:49:42,5
1585,,77.00,8.50,2.00,70,,,,2017-10-22 14:31:25,5
1406,–î–≤–æ–π–Ω–æ–π —á–∏–∑–±—É—Ä–≥–µ—Ä(McDonalds),19.40,17.00,15.00,65,,,,2017-08-27 19:05:55,5
837,–î–µ–∫—Å—Ç—Ä–æ,99.00,0.00,0.00,100,,,,2017-06-29 9:11:28,5
1615,,50.00,0.60,0.10,70,,,,2017-11-01 6:43:02,5
2024,,51.50,0.60,0.60,70,,,,2018-04-10 5:50:42,5
948,–î—Ä–æ–∂–∂–∏,40.00,43.00,6.00,50,,,,2017-06-29 9:11:28,5
1444,–ï–∂–µ–≤–∏–∫–∞ ,6.40,2.00,0.00,50,,,,2017-09-07 5:40:31,5

913,,14.00,0.00,0.00,50,,,,2017-06-29 9:11:28,5

1032,,13.80,4.30,12.00,60,,,,2017-06-29 9:11:28,5



1989,,7.00,1.00,1.00,85,,,,2018-03-20 10:59:11,5
2231,–ó–µ–ª—ë–Ω—ã–π –≥–æ—Ä–æ—à–µ–∫ —Å–≤–µ–∂–∏–π,13.80,5.00,0.20,65,,,,2018-06-24 15:59:46,5

2204,,80.00,1.00,0.00,95,,,,2018-06-15 13:47:33,5
1489,,65.20,1.40,9.10,60,,,,2017-09-22 12:35:25,5
1566,–ò–∑—é–º ,79.00,3.10,0.50,70,,,,2017-10-16 13:25:01,5

675,,12.00,2.70,3.00,47,,,,2017-06-29 9:11:28,5
1382,,5.70,3.40,1.50,50,,,,2017-08-18 16:36:38,5
1361,,3.30,7.00,7.00,40,,,,2017-08-13 6:20:35,5
1141,,11.90,3.30,6.90,50,,,,2017-06-29 9:11:28,5
1938,,21.00,3.30,4.80,70,,,,2018-02-21 21:55:04,5
1200,,12.20,3.60,2.80,60,,,,2017-06-29 9:11:28,5




744,,12.50,3.80,3.00,47,,,,2017-06-29 9:11:28,5
1120,,12.50,3.80,3.00,40,,,,2017-06-29 9:11:28,5
1866,,16.00,5.50,4.40,50,,,,2018-01-27 6:14:44,5
1348,,5.00,3.70,1.50,40,,,,2017-08-11 5:09:38,5
804,–ö–∞–∫–∞–æ –Ω–µ—Å–∫–≤–∏–∫,81.00,4.50,3.20,65,,,,2017-06-29 9:11:28,5


1137,,88.00,6.00,3.00,60,,,,2017-06-29 9:11:28,5
1815,,28.00,25.00,11.00,60,,,,2018-01-10 15:37:42,5
1037,,57.00,5.00,8.00,60,,,,2017-06-29 9:11:28,5

657,–ö–∞—Ä—Ç–æ—Ñ–µ–ª—å –≤–∞—Ä–µ–Ω—ã–π ,16.70,2.70,0.00,70,,,,2017-06-29 9:11:28,5
564,–ö–∞—Ä—Ç–æ—Ñ–µ–ª—å –∂–∞—Ä–µ–Ω—ã–π,15.30,2.50,6.70,69,,,,2017-06-29 9:11:28,5
2177,–ö–∞—Ä—Ç–æ—Ñ–µ–ª—å –∑–∞–ø–µ—á—ë–Ω–Ω—ã–π ,25.00,2.64,0.11,50,1,,,2018-06-07 18:37:27,5
780,,25.50,2.50,4.00,70,,,,2017-06-29 9:11:28,5
565,–ö–∞—Ä—Ç–æ—Ñ–µ–ª—å–Ω–æ–µ –ø—é—Ä–µ,14.30,2.70,3.20,68,,,,2017-06-29 9:11:28,5
959,–ö–∞—Ä—Ç–æ—Ñ–µ–ª—å–Ω—ã–π –∫—Ä–∞—Ö–º–∞–ª,78.20,1.40,0.00,80,,,,2017-06-29 9:11:28,5
847,,25.00,3.70,11.80,50,,,,2017-06-29 9:11:28,5
738,–ö–∞—Ä—Ç–æ—à–∫–∞ —Ñ—Ä–∏,24.50,2.50,4.00,75,,,,2017-06-29 9:11:28,5
1209,,62.00,11.00,9.00,70,,,,2017-06-29 9:11:28,5
1279,,61.00,10.50,9.00,70,,,,2017-07-21 17:43:20,5
1202,,61.00,10.50,9.00,70,,,,2017-06-29 9:11:28,5
2172,,6.40,0.00,0.00,95,,,,2018-06-05 10:12:22,5

1801,–ö–µ–¥—Ä–æ–≤—ã–µ –æ—Ä–µ—à–∫–∏,19.30,11.60,61.00,35,,,,2018-01-07 6:50:00,5
1327,–ö–µ—Ç—á—É–ø,25.80,1.60,0.20,65,,,,2017-08-03 15:32:43,5
676,–ö–µ—Ç—á—É–ø —Ç–æ–º–∞—Ç–Ω—ã–π heinz,23.00,1.00,0.10,15,,,,2017-06-29 9:11:28,5
1371,,25.00,1.00,0.10,70,,,,2017-08-16 10:08:16,5
962,,4.00,2.90,3.60,15,,,,2017-06-29 9:11:28,5
1395,–ö–µ—à—å—é,22.50,18.50,48.50,65,,,,2017-08-22 6:10:45,5
904,,38.20,6.70,37.50,50,,,,2017-06-29 9:11:28,5
1039,,63.00,2.00,32.00,50,,,,2017-06-29 9:11:28,5
864,,34.00,7.90,27.90,70,,,,2017-06-29 9:11:28,5
905,,38.00,6.10,32.00,50,,,,2017-06-29 9:11:28,5
898,,37.80,7.00,29.70,50,,,,2017-06-29 9:11:28,5
740,–ö–∏–Ω–¥–µ—Ä —Å—é—Ä–ø—Ä–∏–∑,52.30,8.10,34.20,70,,,,2017-06-29 9:11:28,5
1958,–ö–∏–Ω–¥–µ—Ä bueno,53.00,8.80,35.90,60,,,,2018-03-03 11:31:41,5
900,–ö–∏–Ω–¥–µ—Ä JOY,56.50,8.20,32.00,60,,,,2017-06-29 9:11:28,5
1598,,20.89,13.50,3.40,30,,,,2017-10-26 12:17:10,5
1173,–ö–ª—É–±–Ω–∏–∫–∞,8.11,1.30,0.87,50,,,,2017-06-29 9:11:28,5
1728,–ö–ª—É–±–Ω–∏–∫–∞ –º–æ—Ä–æ–∂–µ–Ω–Ω–∞—è,7.50,0.80,0.40,50,,,,2017-12-12 15:24:11,5
1208,–ö–ª—é–∫–≤–∞ –≤ —Å–∞—Ö–∞—Ä–µ,68.00,0.00,0.00,85,,,,2017-06-29 9:11:28,5
1413,–ö–ª—é–∫–≤–∞ –∑–∞–º–æ—Ä–æ–∂–µ–Ω–Ω–∞—è,3.80,0.50,0.00,50,,,,2017-08-29 9:31:06,5

1494,–ö–æ–∫–æ—Å–æ–≤–∞—è —Å—Ç—Ä—É–∂–∫–∞,14.00,13.00,65.00,40,,,,2017-09-23 12:28:58,5
1097,,64.00,8.00,20.00,60,,,,2017-06-29 9:11:28,5
1387,,73.00,9.10,3.30,70,,,,2017-08-20 6:21:26,5
1112,,52.30,10.40,27.00,50,,,,2017-06-29 9:11:28,5
1416,,1.75,0.08,0.01,45,1,,,2017-08-29 9:35:13,5
1808,,59.00,8.00,32.00,60,,,,2018-01-09 7:02:05,5
1795,,75.00,2.50,12.00,75,,,,2018-01-05 6:01:23,5
1185,,70.20,2.90,16.80,60,,,,2017-06-29 9:11:28,5
1792,,47.00,6.50,39.00,55,,,,2018-01-04 6:15:15,5
1374,,90.00,2.00,0.00,95,,,,2017-08-16 14:38:08,5
1402,,79.00,0.10,0.10,90,,,,2017-08-25 18:28:02,5
1791,,54.20,4.90,34.60,55,,,,2018-01-03 15:40:59,5


1488,,63.00,6.00,11.00,65,,,,2017-09-22 12:22:04,5
759,–ö–æ—Ä–∏—Ü–∞,79.80,3.90,3.20,70,,,,2017-06-29 9:11:28,5
1574,,65.00,9.00,2.00,70,,,,2017-10-19 6:19:08,5
1015,,3.50,1.00,0.20,40,,,,2017-06-29 9:11:28,5




817,,78.29,0.87,5.20,90,,,,2017-06-29 9:11:28,5
753,,16.20,4.90,0.00,50,,,,2017-06-29 9:11:28,5

1136,,73.00,8.00,8.50,60,,,,2017-06-29 9:11:28,5

1587,,62.00,8.50,20.00,60,,,,2017-10-22 14:36:47,5
1275,,70.00,10.00,12.00,60,,,,2017-07-20 17:42:44,5
1092,,62.00,7.50,23.00,50,,,,2017-06-29 9:11:28,5
1472,,64.00,8.50,17.00,60,,,,2017-09-14 18:30:15,5
1196,,38.80,6.60,20.40,30,,,,2017-06-29 9:11:28,5
1691,,50.00,6.00,19.00,65,,,,2017-11-26 16:25:24,5
583,,73.30,11.30,0.70,60,,,,2017-06-29 9:11:28,5
584,,73.70,9.30,1.10,60,,,,2017-06-29 9:11:28,5
1593,,50.00,11.00,6.00,70,,,,2017-10-25 7:31:10,5
968,,60.00,13.00,6.20,60,,,,2017-06-29 9:11:28,5
1392,,65.70,12.50,6.10,65,,,,2017-08-22 5:32:46,5

705,,9.90,2.87,0.60,59,,,,2017-06-29 9:11:28,5
1759,–ö—É–∫—É—Ä—É–∑–∞ –≤ –∑—ë—Ä–Ω–∞—Ö –º–æ—Ä–æ–∂–µ–Ω–Ω–∞—è,17.80,2.50,1.40,70,,,,2017-12-23 14:37:11,5
1060,,67.90,5.10,18.90,60,,,,2017-06-29 9:11:28,5
1806,,72.00,4.00,13.00,65,,,,2018-01-08 15:11:28,5
1919,–ö—É–Ω–∂—É—Ç,12.20,19.40,48.70,50,,,,2018-02-13 15:52:19,5
595,,67.20,4.60,0.50,35,,,,2017-06-29 9:11:28,5
2345,,57.00,5.00,15.00,70,,,,2018-08-15 18:16:23,5

1863,,9.81,1.27,0.12,70,1,,,2018-01-26 11:35:50,5


,–ö—É—Å–∫—É—Å ,76.00,12.00,1.00,80,,,,2018-06-04 5:04:08,5
1719,,62.18,11.41,1.76,65,,,,2017-12-09 7:28:22,5
1950,,13.00,14.00,2.00,55,,,,2018-02-27 13:03:29,5


961,,70.00,3.70,8.60,60,,,,2017-06-29 9:11:28,5


1131,,7.80,0.60,20.00,40,,,,2017-06-29 9:11:28,5
741,,7.20,0.50,35.00,60,,,,2017-06-29 9:11:28,5

1455,,1.30,0.50,50.50,25,,,,2017-09-11 11:11:19,5
1911,,8.00,0.60,26.00,45,,,,2018-02-09 15:01:44,5
2083,,78.10,6.20,2.00,65,,,,2018-04-30 11:30:01,5
596,,71.50,10.40,1.10,50,,,,2017-06-29 9:11:28,5
1074,,75.00,15.00,2.00,40,,,,2017-06-29 9:11:28,5
2065,,75.00,8.20,2.40,75,,,,2018-04-24 14:39:13,5
2113,,67.50,10.50,1.10,50,,,,2018-05-12 14:13:22,5
988,,69.70,14.00,2.00,50,,,,2017-06-29 9:11:28,5
756,,69.70,14.00,2.00,70,,,,2017-06-29 9:11:28,5
1187,,70.00,14.00,1.00,50,,,,2017-06-29 9:11:28,5
1294,,72.00,12.00,1.50,40,,,,2017-07-26 14:11:51,5
739,,73.00,12.00,1.30,60,,,,2017-06-29 9:11:28,5
1443,–ú–∞–ª–∏–Ω–∞,8.30,0.80,0.50,50,,,,2017-09-07 5:39:38,5
1115,,67.00,12.00,1.00,40,,,,2017-06-29 9:11:28,5
975,,78.00,10.30,1.00,70,,,,2017-06-29 9:11:28,5
1590,–ú–∞—Ä–º–µ–ª–∞–¥ ,77.80,5.80,0.00,80,,,,2017-10-23 8:50:25,5
1329,,54.00,6.00,3.00,65,,,,2017-08-04 12:10:36,5
919,,0.10,0.50,13.20,40,,,,2017-06-29 9:11:28,5
733,,1.30,0.80,72.50,51,,,,2017-06-29 9:11:28,5
598,,0.00,0.00,99.90,0,,,,2017-06-29 9:11:28,5
888,–ú–µ–¥,82.00,0.00,0.00,99,,,,2017-06-29 9:11:28,5

877,–ú–∏–Ω–¥–∞–ª—å –∂–∞—Ä–µ–Ω–Ω—ã–π,37.20,20.00,58.60,30,,,,2017-06-29 9:11:28,5
1507,,3.10,0.40,1.60,50,,,,2017-09-26 17:49:08,5
875,–ú–æ–ª–æ–∫–æ –∫–æ–∫–æ—Å–æ–≤–æ–µ,3.40,1.40,15.00,20,,,,2017-06-29 9:11:28,5
1601,,2.70,0.10,0.90,30,,,,2017-10-28 6:28:53,5
1247,–ú–æ–ª–æ–∫–æ –∫–æ—Ä–æ–≤—å–µ,4.70,3.20,3.20,14,,,,2017-07-08 11:52:15,5
1874,,0.80,3.40,1.90,40,,,,2018-01-28 7:11:49,5
2072,,2.50,3.00,1.80,40,,,,2018-04-27 5:31:17,5
1105,,20.00,3.00,24.00,60,,,,2017-06-29 9:11:28,5
1110,,25.60,4.20,7.90,60,,,,2017-06-29 9:11:28,5
1107,,32.00,4.00,16.00,50,,,,2017-06-29 9:11:28,5
1293,,27.00,3.30,14.00,50,,,,2017-07-26 13:45:13,5
1964,,20.80,4.30,2.60,65,,,,2018-03-05 12:36:57,5
1156,,19.80,3.20,25.10,55,,,,2017-06-29 9:11:28,5
2112,,20.50,3.00,24.00,65,,,,2018-05-12 10:14:01,5
1139,,19.50,3.20,25.10,50,,,,2017-06-29 9:11:28,5
1897,,18.50,2.60,4.50,60,,,,2018-02-03 17:14:27,5
2212,,22.00,3.00,16.00,60,,,,2018-06-18 10:07:34,5
1184,,23.00,4.00,20.00,50,,,,2017-06-29 9:11:28,5
2000,,23.80,3.60,11.10,76,,,,2018-03-25 14:09:00,5
1426,,38.00,4.50,12.00,65,,,,2017-09-01 17:03:42,5
1882,,34.60,4.00,21.20,50,,,,2018-01-29 16:33:29,5
1127,,20.20,3.60,12.00,50,,,,2017-06-29 9:11:28,5
1135,,22.50,3.50,19.00,50,,,,2017-06-29 9:11:28,5
1117,,22.40,4.30,14.50,40,,,,2017-06-29 9:11:28,5

1287,,19.40,3.70,29.50,60,,,,2017-07-23 9:50:11,5
2314,,29.00,4.60,22.00,55,,,,2018-07-31 9:29:50,5
2308,,24.00,3.00,7.00,60,,,,2018-07-28 14:30:08,5
,,25.00,4.00,15.00,65,,,,2018-06-12 10:19:06,5
2096,,32.00,3.50,17.00,65,,,,2018-05-06 10:50:54,5

600,,69.00,10.00,1.00,60,,,,2017-06-29 9:11:28,5
710,–ú—É–∫–∞ —Ä–∂–∞–Ω–∞—è,60.00,10.00,1.50,45,,,,2017-06-29 9:11:28,5
1081,,65.50,8.40,13.90,60,,,,2017-06-29 9:11:28,5

601,–ú—è—Å–æ –≤–∞—Ä–µ–Ω–æ–µ - –≥–æ–≤—è–¥–∏–Ω–∞ ,0.00,25.80,16.80,0,,,,2017-06-29 9:11:28,5
602,–ú—è—Å–æ –≤–∞—Ä–µ–Ω–æ–µ - –∫—É—Ä–∏—Ü–∞,0.00,25.20,7.40,0,,,,2017-06-29 9:11:28,5
603,–ú—è—Å–æ –≤–∞—Ä–µ–Ω–æ–µ - —Å–≤–∏–Ω–∏–Ω–∞ ,0.00,22.60,51.60,0,,,,2017-06-29 9:11:28,5
604,–ú—è—Å–æ —Å–≤–µ–∂–µ–µ-–∫—É—Ä–∏—Ü–∞,0.00,18.20,18.40,10,,,,2017-06-29 9:11:28,5

1776,"–¢–æ—Ä—Ç –Ω–∞–ø–æ–ª–µ–æ–Ω
",32.70,6.14,10.62,43,1,,,2017-12-30 17:19:59,5

1521,,41.00,46.10,0.10,30,,,,2017-09-30 14:32:09,5
1520,,22.50,26.70,0.80,35,,,,2017-09-30 14:31:24,5
2045,,72.00,1.00,1.00,70,,,,2018-04-19 9:49:44,5

1022,–û–≤–æ—â–∏ - –±–∞–∫–ª–∞–∂–∞–Ω,5.10,1.20,0.10,10,,,,2017-06-29 9:11:28,5
881,–û–≤–æ—â–∏ - –ø–µ—Ä–µ—Ü –∫—Ä–∞—Å–Ω—ã–π ,5.66,1.23,0.01,15,,,,2017-06-29 9:11:28,5
871,–û–≤–æ—â–∏ –≤–∞—Ä–µ–Ω–Ω—ã–µ - –º–æ—Ä–∫–æ–≤—å,5.00,0.80,0.30,80,,,,2017-06-29 9:11:28,5
665,–û–≤–æ—â–∏ –≤–∞—Ä–µ–Ω—ã–µ - —Ñ–∞—Å–æ–ª—å,21.50,7.80,0.50,30,,,,2017-06-29 9:11:28,5
681,–û–≤–æ—â–∏ –∂–∞—Ä–µ–Ω—ã–µ - –ª—É–∫,25.30,4.80,14.00,60,,,,2017-06-29 9:11:28,5
612,–û–≤–æ—â–∏ –∫–≤–∞—à. –∏ —Å–æ–ª.-–∫–∞–ø—É—Å—Ç–∞,1.80,0.80,0.00,60,,,,2017-06-29 9:11:28,5
613,–û–≤–æ—â–∏ –∫–≤–∞—à. –∏ —Å–æ–ª.-–º–æ—Ä–∫–æ–≤—å –ø–æ-–∫–æ—Ä–µ–π—Å–∫–∏,9.00,1.20,8.20,60,,,,2017-06-29 9:11:28,5
614,–û–≤–æ—â–∏ –∫–æ–Ω—Å–µ—Ä–≤–∏—Ä.-–≥–æ—Ä–æ—à–µ–∫,8.70,4.20,0.30,48,,,,2017-06-29 9:11:28,5
615,–û–≤–æ—â–∏ –º–∞—Ä–∏–Ω–æ–≤.-–æ–≥—É—Ä—Ü—ã,1.30,2.80,0.00,60,,,,2017-06-29 9:11:28,5
680,–û–≤–æ—â–∏ –º–∞—Ä–∏–Ω–æ–≤.-—á–µ—Å–Ω–æ–∫ ,9.10,1.80,0.10,60,,,,2017-06-29 9:11:28,5
1225,–û–≤–æ—â–∏ —Å–≤–µ–∂–∏–µ - –±–∞—Ç–∞—Ç üç† ,14.60,2.00,0.00,10,,,,2017-07-03 9:30:52,5
765,–æ–≤–æ—â–∏ —Å–≤–µ–∂–∏–µ - —á–µ—Å–Ω–æ–∫,29.90,6.50,0.50,30,,,,2017-06-29 9:11:28,5
1047,–û–≤–æ—â–∏ —Å–≤–µ–∂–∏–µ -–∫–∞–ø—É—Å—Ç–∞ –±–µ–ª–æ–∫.,4.70,1.80,0.10,10,,,,2017-06-29 9:11:28,5
616,–û–≤–æ—â–∏ —Å–≤–µ–∂–∏–µ-–∫–∞–±–∞—á–∫–∏,5.70,0.60,0.00,15,,,,2017-06-29 9:11:28,5
679,–û–≤–æ—â–∏ —Å–≤–µ–∂–∏–µ-–∫–∞—Ä—Ç–æ—Ñ–µ–ª—å ,19.70,2.00,0.00,50,,,,2017-06-29 9:11:28,5
678,–û–≤–æ—â–∏ —Å–≤–µ–∂–∏–µ-–ª—É–∫ –∑–µ–ª–µ–Ω—ã–π,4.30,13.00,0.00,60,,,,2017-06-29 9:11:28,5
677,–û–≤–æ—â–∏ —Å–≤–µ–∂–∏–µ-–ª—É–∫ —Ä–µ–ø—á–∞—Ç—ã–π,9.50,1.70,0.00,15,,,,2017-06-29 9:11:28,5
618,–û–≤–æ—â–∏ —Å–≤–µ–∂–∏–µ-–º–æ—Ä–∫–æ–≤—å,7.00,1.30,0.00,60,,,,2017-06-29 9:11:28,5
617,–û–≤–æ—â–∏ —Å–≤–µ–∂–∏–µ-–æ–≥—É—Ä—Ü—ã ,3.00,0.80,0.00,15,,,,2017-06-29 9:11:28,5
619,–û–≤–æ—â–∏ —Å–≤–µ–∂–∏–µ-–ø–æ–º–∏–¥–æ—Ä—ã –≥—Ä—É–Ω—Ç–æ–≤—ã–µ,4.20,0.60,0.00,15,,,,2017-06-29 9:11:28,5
682,–û–≤–æ—â–∏ —Å–≤–µ–∂–∏–µ-—Å–≤–µ–∫–ª–∞,10.80,1.70,0.00,65,,,,2017-06-29 9:11:28,5
727,–û–≤–æ—â–∏ —Å–≤–µ–∂–∏–µ-—Ç—ã–∫–≤–∞,4.40,1.00,0.10,75,,,,2017-06-29 9:11:28,5
620,–û–≤–æ—â–∏ —Å–æ–ª–µ–Ω—ã–µ-–æ–≥—É—Ä—Ü—ã,1.30,2.80,0.00,15,,,,2017-06-29 9:11:28,5

631,–û–≤–æ—â–∏ —Ç—É—à–µ–Ω—ã–µ - –∫–∞–ø—É—Å—Ç–∞ –∫–≤–∞—à.,2.50,2.30,5.40,73,,,,2017-06-29 9:11:28,5
632,–û–≤–æ—â–∏ —Ç—É—à–µ–Ω—ã–µ-–∫–∞–ø—É—Å—Ç–∞ —Å –º—è—Å–æ–º,2.00,4.00,7.10,15,,,,2017-06-29 9:11:28,5




1926,,56.10,12.10,8.40,70,,,,2018-02-19 6:53:08,5
2246,,54.00,11.00,7.00,60,,,,2018-07-02 17:49:40,5
1193,,74.40,6.90,16.60,60,,,,2017-06-29 9:11:28,5

1983,,58.20,12.00,16.40,64,,,,2018-03-17 5:54:25,5
1317,,62.00,11.90,7.20,60,,,,2017-08-01 4:10:54,5
2168,,56.00,14.00,6.90,65,,,,2018-06-05 4:27:40,5
624,,63.00,13.00,6.00,70,,,,2017-06-29 9:11:28,5









721,–æ—Ä–µ—Ö–∏ - —Ñ—É–Ω–¥—É–∫,10.30,16.70,69.30,15,,,,2017-06-29 9:11:28,5
683,–û—Ä–µ—Ö–∏ –∞—Ä–∞—Ö–∏—Å,14.00,26.00,53.00,60,,,,2017-06-29 9:11:28,5



1782,,40.00,10.00,2.00,50,,,,2018-01-02 9:20:15,5
2061,,32.00,18.00,49.00,45,,,,2018-04-22 14:39:55,5
2107,,13.50,23.20,53.40,45,,,,2018-05-10 4:57:08,5
1984,,17.00,5.30,36.00,65,,,,2018-03-17 5:57:35,5

855,,74.00,11.00,1.40,50,,,,2017-06-29 9:11:28,5
1611,,71.50,12.50,1.10,65,,,,2017-10-30 15:19:15,5
1778,–ü–µ–∫–∏–Ω—Å–∫–∞—è –∫–∞–ø—É—Å—Ç–∞,2.00,1.20,0.30,35,,,,2017-12-31 16:37:55,5
792,,32.00,12.00,6.00,60,,,,2017-06-29 9:11:28,5
1012,,31.00,10.00,6.00,30,,,,2017-06-29 9:11:28,5
946,,31.00,11.00,4.00,40,,,,2017-06-29 9:11:28,5

813,,33.00,12.00,6.00,70,,,,2017-06-29 9:11:28,5
752,,26.40,10.00,7.00,70,,,,2017-06-29 9:11:28,5
998,,27.00,10.00,11.00,30,,,,2017-06-29 9:11:28,5
1023,–ü–µ—Ä–µ—Ü –æ—Ä–∞–Ω–∂–µ–≤—ã–π,7.20,1.30,0.10,15,,,,2017-06-29 9:11:28,5



674,,22.20,3.10,0.40,60,,,,2017-06-29 9:11:28,5
960,,72.00,8.50,10.00,60,,,,2017-06-29 9:11:28,5
1203,,75.00,8.00,9.00,60,,,,2017-06-29 9:11:28,5
824,,61.00,5.00,20.00,70,,,,2017-06-29 9:11:28,5
2060,,66.00,5.80,24.00,65,,,,2018-04-22 13:59:08,5
1992,,66.00,4.90,23.00,60,,,,2018-03-21 10:34:52,5
2053,,64.00,6.70,24.00,65,,,,2018-04-20 17:27:15,5
2296,,62.00,6.60,24.00,50,,,,2018-07-26 6:34:07,5
1211,,61.70,7.70,23.50,60,,,,2017-06-29 9:11:28,5
997,,60.00,5.50,17.00,60,,,,2017-06-29 9:11:28,5
1347,,64.40,6.80,21.80,65,,,,2017-08-10 10:39:58,5
1501,,63.20,7.70,26.70,60,,,,2017-09-24 9:25:18,5
1557,,62.20,6.70,27.80,65,,,,2017-10-13 16:33:37,5
1553,,58.80,64.00,33.80,60,,,,2017-10-12 12:58:14,5
1121,,74.10,8.50,8.00,40,,,,2017-06-29 9:11:28,5
840,,44.00,12.00,34.00,40,,,,2017-06-29 9:11:28,5
928,,72.00,9.00,7.50,60,,,,2017-06-29 9:11:28,5
967,,59.00,5.50,27.00,60,,,,2017-06-29 9:11:28,5
1358,,58.20,5.00,27.90,65,,,,2017-08-12 10:37:45,5
1467,,69.00,7.50,14.00,65,,,,2017-09-13 18:00:27,5
1050,,59.00,5.50,30.00,50,,,,2017-06-29 9:11:28,5
2181,,60.00,10.00,25.00,65,,,,2018-06-08 9:48:47,5
829,,61.00,7.00,24.00,70,,,,2017-06-29 9:11:28,5

656,,70.00,8.00,9.00,60,,,,2017-06-29 9:11:28,5
828,,59.00,6.00,23.00,70,,,,2017-06-29 9:11:28,5





991,,70.00,8.00,12.00,50,,,,2017-06-29 9:11:28,5
2029,,80.00,2.50,16.00,75,,,,2018-04-13 5:48:11,5
660,,71.00,8.50,8.50,50,,,,2017-06-29 9:11:28,5
1375,,56.00,7.00,28.00,65,,,,2017-08-16 18:13:52,5
1043,,57.00,5.50,32.00,60,,,,2017-06-29 9:11:28,5
860,,59.00,5.50,31.00,70,,,,2017-06-29 9:11:28,5


1850,–ü–µ—á–µ–Ω—å–µ oreo,69.00,5.30,20.00,60,,,,2018-01-22 15:41:51,5
1080,,74.00,8.50,8.00,50,,,,2017-06-29 9:11:28,5
1179,,55.00,7.00,27.00,60,,,,2017-06-29 9:11:28,5
1840,,74.00,7.00,16.00,75,,,,2018-01-17 11:23:18,5
1064,,75.00,8.00,9.00,55,,,,2017-06-29 9:11:28,5
944,,74.00,7.00,10.00,60,,,,2017-06-29 9:11:28,5
2136,,46.00,12.00,34.00,55,,,,2018-05-24 5:07:21,5
622,,68.00,9.00,9.50,49,,,,2017-06-29 9:11:28,5
845,,48.00,7.00,14.00,60,,,,2017-06-29 9:11:28,5

1190,,70.60,9.20,16.20,60,,,,2017-06-29 9:11:28,5
1844,,65.10,6.90,25.30,65,,,,2018-01-20 14:06:37,5

1610,,69.00,8.90,12.00,65,,,,2017-10-30 10:45:45,5
1500,,79.00,8.50,8.50,65,,,,2017-09-24 9:17:56,5

2030,,77.00,3.90,15.00,75,,,,2018-04-13 10:49:18,5
1537,,65.00,7.00,21.00,65,,,,2017-10-04 15:53:18,5
1569,,67.00,7.50,18.00,65,,,,2017-10-17 8:36:13,5
1014,,62.00,8.00,16.00,60,,,,2017-06-29 9:11:28,5
1814,,65.00,8.00,20.00,60,,,,2018-01-10 8:20:18,5






1045,,27.00,4.00,4.00,60,,,,2017-06-29 9:11:28,5
1242,,20.70,2.00,7.00,60,,,,2017-07-07 9:36:24,5


1144,,62.00,4.50,13.00,60,,,,2017-06-29 9:11:28,5
1636,,45.00,4.00,30.00,65,,,,2017-11-09 21:31:35,5

1084,,39.00,4.00,22.00,60,,,,2017-06-29 9:11:28,5
1391,,21.00,2.50,8.50,60,,,,2017-08-21 12:42:08,5
1379,,20.00,4.50,13.00,40,,,,2017-08-17 22:39:07,5
1540,,26.83,6.36,4.43,63,1,,,2017-10-06 10:37:44,5
1125,,18.58,11.15,10.16,50,,,,2017-06-29 9:11:28,5
1576,,19.26,3.00,3.00,65,,,,2017-10-19 16:25:11,5
1967,,24.90,9.90,11.30,65,,,,2018-03-08 16:08:37,5
994,,19.94,9.70,8.89,50,,,,2017-06-29 9:11:28,5
1941,,26.00,12.00,27.00,65,,,,2018-02-23 13:58:02,5
844,,21.40,10.00,12.40,60,,,,2017-06-29 9:11:28,5
1206,,5.60,16.00,22.50,40,,,,2017-06-29 9:11:28,5
1937,,6.30,13.00,17.10,45,,,,2018-02-21 17:53:54,5




1352,,24.30,4.40,14.20,65,,,,2017-08-11 8:35:16,5
1428,,34.30,4.50,12.90,65,,,,2017-09-02 10:12:45,5
2019,,19.50,4.00,14.00,60,,,,2018-04-09 10:28:13,5
1178,,19.40,3.30,15.10,60,,,,2017-06-29 9:11:28,5
896,,69.30,5.20,16.00,70,,,,2017-06-29 9:11:28,5
969,,73.50,5.70,10.10,60,,,,2017-06-29 9:11:28,5
1149,,85.00,5.00,6.50,80,,,,2017-06-29 9:11:28,5

1408,,63.40,2.80,2.60,60,,,,2017-08-28 10:06:19,5
974,,67.00,11.50,3.30,50,,,,2017-06-29 9:11:28,5
1631,,66.00,13.00,3.00,70,,,,2017-11-08 10:26:40,5
689,,13.80,0.30,0.20,80,,,,2017-06-29 9:11:28,5
1441,,13.00,0.30,0.20,60,,,,2017-09-06 10:27:53,5
1470,,14.00,0.20,0.00,60,,,,2017-09-14 9:20:35,5
1439,,11.00,0.30,0.10,60,,,,2017-09-05 10:55:57,5
1499,,16.50,0.30,0.50,65,,,,2017-09-24 9:16:06,5
692,,17.50,0.50,0.20,87,,,,2017-06-29 9:11:28,5

778,,22.00,0.00,0.00,40,,,,2017-06-29 9:11:28,5
872,–†–∞—Ñ—Ñ–∞—ç–ª–ª–æ,38.30,7.20,48.60,50,,,,2017-06-29 9:11:28,5
1132,–†–∞—Ö–∞—Ç –ª—É–∫—É–º ,80.00,1.00,1.00,60,,,,2017-06-29 9:11:28,5












2331,,77.00,7.00,0.50,60,,,,2018-08-08 7:41:39,5
1099,,76.00,8.00,1.00,40,,,,2017-06-29 9:11:28,5
722,,80.00,7.10,0.70,50,,,,2017-06-29 9:11:28,5
1632,,75.80,6.00,0.50,70,,,,2017-11-09 6:46:11,5
1678,,77.00,7.00,0.50,66,,,,2017-11-23 8:15:20,5
803,,82.50,7.10,0.30,80,,,,2017-06-29 9:11:28,5
658,,71.00,7.00,1.00,60,,,,2017-06-29 9:11:28,5
696,,72.90,7.40,1.80,45,,,,2017-06-29 9:11:28,5
1460,,74.00,7.40,0.70,70,,,,2017-09-12 6:42:46,5
1429,–†–∏—Å –¥–ª—è —Å—É—à–∏,78.00,6.80,0.90,70,,,,2017-09-02 14:29:19,5
1522,,80.00,7.00,1.00,70,,,,2017-09-30 14:38:51,5
1071,,71.00,7.00,2.00,60,,,,2017-06-29 9:11:28,5
1765,,25.62,2.75,4.99,62,1,,,2017-12-25 9:03:57,5
2283,,78.00,7.26,0.90,70,,,,2018-07-22 13:32:40,5
1685,,65.00,6.30,19.00,70,,,,2017-11-24 11:07:12,5
1263,,71.50,12.50,1.10,50,,,,2017-07-13 13:18:02,5

1356,,90.00,2.00,4.50,80,,,,2017-08-12 5:56:05,5




726,—Ä—ã–±–Ω—ã–µ –ø–∞–ª–æ—á–∫–∏,18.00,12.00,8.00,38,,,,2017-06-29 9:11:28,5
2207,,13.50,13.70,7.70,40,,,,2018-06-16 11:52:39,5
1195,,26.00,8.00,9.00,50,,,,2017-06-29 9:11:28,5
1057,,18.90,11.70,8.20,50,,,,2017-06-29 9:11:28,5










711,–°–∞—Ö–∞—Ä,99.90,0.00,0.00,65,,,,2017-06-29 9:11:28,5

2069,–°–≤–µ–∂–∞—è —Ä—ã–±–∞ - –ª–æ—Å–æ—Å—å ,0.00,19.80,6.30,10,,,,2018-04-25 14:09:11,5
,–°–≥—É—â—ë–Ω–∫–∞ ,60.00,5.30,3.50,70,,,,2017-09-23 12:29:32,5
1006,,45.00,9.00,8.50,40,,,,2017-06-29 9:11:28,5
869,,8.40,6.00,6.80,60,,,,2017-06-29 9:11:28,5
2225,,56.00,7.20,8.50,65,,,,2018-06-23 7:36:00,5

1437,,10.40,1.00,0.20,60,,,,2017-09-04 14:40:14,5
810,,4.50,2.80,10.00,30,,,,2017-06-29 9:11:28,5
1192,,4.20,3.00,12.00,50,,,,2017-06-29 9:11:28,5
891,,4.00,2.50,20.00,30,,,,2017-06-29 9:11:28,5
1103,,3.70,2.50,20.00,30,,,,2017-06-29 9:11:28,5
1017,,45.00,4.00,17.80,60,,,,2017-06-29 9:11:28,5

1490,,80.00,5.00,7.00,70,,,,2017-09-23 7:32:12,5
2126,,64.00,15.00,2.50,40,,,,2018-05-19 6:36:35,5
623,,2.90,2.50,20.00,56,,,,2017-06-29 9:11:28,5
1730,–°–º–æ—Ä–æ–¥–∏–Ω–∞ –º–æ—Ä–æ–∂–µ–Ω–∞—è,7.30,1.00,0.40,50,,,,2017-12-12 15:26:40,5

1572,,6.50,3.00,1.70,65,,,,2017-10-18 17:23:37,5
1672,,7.80,3.10,1.80,70,,,,2017-11-21 14:49:51,5




1683,,11.00,0.20,0.00,85,,,,2017-11-24 10:48:10,5

1098,,12.00,3.00,0.00,40,,,,2017-06-29 9:11:28,5

2117,,7.00,0.00,0.00,85,,,,2018-05-13 14:27:04,5
2114,,5.80,0.00,0.00,80,,,,2018-05-12 17:14:42,5
1928,,26.00,8.00,25.00,60,,,,2018-02-19 11:07:35,5

1657,,0.50,15.00,17.00,50,,,,2017-11-16 5:02:03,5

652,,1.90,15.00,15.00,28,,,,2017-06-29 9:11:28,5
701,,2.00,12.00,19.00,28,,,,2017-06-29 9:11:28,5
653,,1.90,12.80,18.90,28,,,,2017-06-29 9:11:28,5
1334,,8.74,14.80,17.40,30,,,,2017-08-06 10:26:48,5
563,,17.00,4.00,8.80,0,,,,2017-06-29 9:11:28,5
1940,,5.80,1.20,51.90,40,,,,2018-02-23 6:33:08,5




929,,71.50,12.50,1.10,50,,,,2017-06-29 9:11:28,5
1058,,70.50,12.50,1.30,40,,,,2017-06-29 9:11:28,5
2086,,70.90,14.30,1.00,50,,,,2018-05-02 5:19:12,5
1509,,70.00,14.00,1.00,50,,,,2017-09-27 13:01:22,5
1357,,67.50,10.50,1.10,50,,,,2017-08-12 10:35:44,5
1304,,72.10,12.00,1.00,70,,,,2017-07-28 8:57:00,5
965,,72.00,13.00,1.50,50,,,,2017-06-29 9:11:28,5
785,,69.70,14.00,2.00,70,,,,2017-06-29 9:11:28,5
983,,71.60,12.60,1.30,60,,,,2017-06-29 9:11:28,5
699,,71.50,10.40,1.10,50,,,,2017-06-29 9:11:28,5
2021,,67.00,12.00,4.00,65,,,,2018-04-10 4:58:14,5
1845,–°–ø–∞—Ä–∂–∞ –∞—Å–ø–∞—Ä–∞–≥—É—Å ,3.10,1.90,0.10,30,,,,2018-01-20 16:36:46,5
1007,–°–ø–∞—Ä–∂–µ–≤–∞—è —Ñ–∞—Å–æ–ª—å,4.10,2.00,0.30,40,,,,2017-06-29 9:11:28,5
1046,–°–ø–µ—Ü–∏—è –ø–∞–ø—Ä–∏–∫–∞ ,19.00,14.00,13.00,45,,,,2017-06-29 9:11:28,5







1210,,76.00,9.50,4.00,70,,,,2017-06-29 9:11:28,5
1270,,76.00,9.50,4.00,70,,,,2017-07-16 14:04:53,5
2230,,77.00,9.00,4.00,75,,,,2018-06-24 6:13:19,5
1261,,80.00,10.00,4.00,40,,,,2017-07-12 11:22:07,5
1078,,66.70,8.50,10.80,60,,,,2017-06-29 9:11:28,5
1343,,75.90,12.10,0.70,60,,,,2017-08-10 9:07:31,5
1267,,65.70,8.50,10.90,70,,,,2017-07-14 12:24:29,5
1770,,75.60,9.80,4.40,75,,,,2017-12-28 6:54:42,5
956,,66.00,9.00,18.00,60,,,,2017-06-29 9:11:28,5
911,,65.00,9.00,14.00,60,,,,2017-06-29 9:11:28,5
835,,65.00,11.00,16.00,70,,,,2017-06-29 9:11:28,5
1648,,63.00,3.40,27.00,50,,,,2017-11-13 20:00:01,5
1051,–°—É—à–∏ –∫–∞–ª–∏—Ñ–æ—Ä–Ω–∏—è,39.00,6.00,3.00,60,,,,2017-06-29 9:11:28,5
771,,50.00,4.00,0.00,60,,,,2017-06-29 9:11:28,5

770,,50.00,10.00,3.00,60,,,,2017-06-29 9:11:28,5
768,–°—É—à–∏ —Ñ–∏–ª–∞–¥–µ–ª—å—Ñ–∏—è,38.00,8.00,9.00,70,,,,2017-06-29 9:11:28,5
659,,71.00,10.00,4.00,50,,,,2017-06-29 9:11:28,5
790,,69.00,10.00,4.00,60,,,,2017-06-29 9:11:28,5
805,,82.00,11.00,4.50,70,,,,2017-06-29 9:11:28,5
1257,,74.00,9.50,3.00,43,,,,2017-07-12 5:09:09,5
663,—Å—ã—Ä –≤—ã–¥–µ—Ä–∂–∞–Ω–Ω—ã–π,0.00,24.70,23.80,0,,,,2017-06-29 9:11:28,5
662,—Å—ã—Ä –≥–∞—É–¥–∞,0.00,26.00,26.10,0,,,,2017-06-29 9:11:28,5
636,—Å—ã—Ä –≥–æ–ª–ª–∞–Ω–¥—Å–∫–∏–π,0.00,23.20,24.70,0,,,,2017-06-29 9:11:28,5
635,—Å—ã—Ä –∫–ª–∞—Å—Å–∏—á–µ—Å–∫–∏–π,0.00,26.30,26.10,0,,,,2017-06-29 9:11:28,5
774,,4.90,3.60,42.00,30,,,,2017-06-29 9:11:28,5
1959,–°—ã—Ä –º–æ—Ü–∞—Ä–µ–ª–∞,3.20,2.40,21.00,45,,,,2018-03-04 7:13:59,5
918,—Å—ã—Ä –º–æ—Ü–∞—Ä–µ–ª–ª–∞,0.00,20.00,24.00,30,,,,2017-06-29 9:11:28,5
637,—Å—ã—Ä –ø–ª–∞–≤–ª–µ–Ω–Ω—ã–π –ª–∞—Å–∫–æ–≤–æ–µ –ª–µ—Ç–æ,2.20,18.80,18.30,35,,,,2017-06-29 9:11:28,5
812,—Å—ã—Ä —Ä–∞–¥–∞–º–µ—Ä,0.40,26.20,26.00,30,,,,2017-06-29 9:11:28,5
762,—Å—ã—Ä —Ä–æ—Å—Å–∏–π—Å–∫–∏–π,0.00,22.50,28.00,30,,,,2017-06-29 9:11:28,5
811,—Å—ã—Ä —Å–ª–∏–≤–æ—á–Ω—ã–π,0.00,22.50,29.50,30,,,,2017-06-29 9:11:28,5
954,–°—ã—Ä —Å–ª–∏–≤–æ—á–Ω—ã–π –∞–ª–º–µ—Ç—Ç–µ,2.80,6.00,27.40,60,,,,2017-06-29 9:11:28,5
1810,,16.30,9.40,6.20,60,,,,2018-01-09 10:41:36,5
1647,,1.20,7.80,30.00,40,,,,2017-11-13 17:39:21,5
1961,,5.50,35.00,36.00,35,,,,2018-03-05 6:50:39,5






















1756,,54.18,6.51,23.90,60,,,,2017-12-22 11:39:34,5
1124,,60.00,9.40,31.00,50,,,,2017-06-29 9:11:28,5
809,,1.50,15.00,7.00,15,,,,2017-06-29 9:11:28,5

832,,1.50,16.00,9.00,15,,,,2017-06-29 9:11:28,5
1394,,9.10,9.00,5.00,65,,,,2017-08-22 6:04:06,5
655,,1.50,10.50,6.00,30,,,,2017-06-29 9:11:28,5
735,,1.80,13.60,5.00,30,,,,2017-06-29 9:11:28,5

995,,1.50,15.50,5.00,15,,,,2017-06-29 9:11:28,5
1720,,32.32,13.15,20.66,60,,,,2017-12-09 8:21:57,5

827,,12.50,6.00,3.50,45,,,,2017-06-29 9:11:28,5
831,,39.80,5.50,16.20,60,,,,2017-06-29 9:11:28,5
1436,,33.10,5.10,18.30,55,,,,2017-09-04 13:03:37,5
1152,–¢–µ—Å—Ç–æ —Å–ª–æ—ë–Ω–æ–µ –¥—Ä–æ–∂–∂–µ–≤–æ–µ ,31.00,4.00,16.00,60,,,,2017-06-29 9:11:28,5



1065,–¢–∏–∫-—Ç–∞–∫,96.70,0.10,0.70,99,,,,2017-06-29 9:11:28,5
1422,–¢–∏—Ä–∞–º–∏—Å—É,30.00,4.00,13.00,50,,,,2017-08-31 15:32:37,5
1066,,27.50,5.50,16.00,50,,,,2017-06-29 9:11:28,5
1999,,35.00,5.50,19.00,50,,,,2018-03-24 17:27:10,5
1163,,51.40,5.10,10.50,60,,,,2017-06-29 9:11:28,5
1559,,43.00,3.50,9.50,60,,,,2017-10-14 10:26:45,5
874,,42.00,4.50,9.00,50,,,,2017-06-29 9:11:28,5
1227,,41.90,4.50,11.30,60,,,,2017-07-03 16:25:35,5
1353,,55.20,6.40,16.80,65,,,,2017-08-11 13:30:48,5
1177,,37.00,10.00,13.00,60,,,,2017-06-29 9:11:28,5
1624,,43.50,5.30,21.00,65,,,,2017-11-04 18:01:19,5
901,,32.00,7.00,19.00,60,,,,2017-06-29 9:11:28,5
2020,,57.50,5.90,18.40,65,,,,2018-04-09 15:07:00,5

1833,,36.91,6.52,25.11,52,1,,,2018-01-14 14:30:54,5

779,,27.80,4.50,23.10,60,,,,2017-06-29 9:11:28,5
842,,32.00,7.00,14.00,60,,,,2017-06-29 9:11:28,5
1786,,44.00,5.00,13.00,65,,,,2018-01-02 17:53:32,5

1880,,56.00,9.00,14.50,70,,,,2018-01-28 15:29:47,5
1798,,63.70,6.00,25.90,60,,,,2018-01-06 6:53:56,5
1527,,64.00,8.00,22.00,66,,,,2017-10-01 12:29:26,5
1330,,67.00,7.40,19.00,60,,,,2017-08-04 17:50:53,5
1819,,1.12,22.83,0.28,15,,,,2018-01-11 11:38:20,5
2014,,0.79,16.30,20.69,40,,,,2018-04-07 13:29:19,5

1232,,48.00,7.00,18.00,60,,,,2017-07-04 11:27:19,5
1096,,58.00,6.50,26.00,60,,,,2017-06-29 9:11:28,5
1036,–£—à–∫–∏ —Å–ª–æ–µ–Ω—ã–µ,57.50,6.40,29.00,60,,,,2017-06-29 9:11:28,5
1116,–§–∞—Ä—à –∫—É—Ä–∏–Ω—ã–π,0.00,14.10,31.30,40,,,,2017-06-29 9:11:28,5
1041,,0.20,7.00,5.70,15,,,,2017-06-29 9:11:28,5
737,,16.00,5.30,0.20,35,,,,2017-06-29 9:11:28,5
1794,,3.00,10.20,2.00,60,,,,2018-01-04 9:52:00,5
690,,16.00,5.30,0.20,45,,,,2017-06-29 9:11:28,5
698,,15.20,8.30,0.00,45,,,,2017-06-29 9:11:28,5

880,,1.40,8.00,25.40,40,,,,2017-06-29 9:11:28,5
1595,–§–∏—Å—Ç–∞—à–∫–∏,29.00,20.70,44.30,40,,,,2017-10-25 12:11:52,5

2056,,16.00,5.00,4.50,40,,,,2018-04-21 10:50:08,5
,–§—Ä—É–∫—Ç—ã  - –∏–Ω–∂–∏—Ä–Ω—ã–π –ø–µ—Ä—Å–∏–∫,11.30,0.90,0.10,55,,,,2018-07-27 18:18:33,5
2122,–§—Ä—É–∫—Ç—ã - –∞–Ω–∞–Ω–∞—Å,11.45,0.40,0.24,60,,,,2018-05-15 14:44:29,5
818,–§—Ä—É–∫—Ç—ã - –≤–∏–Ω–æ–≥—Ä–∞–¥ –∏–∑–∞–±–µ–ª–ª–∞,16.64,0.60,0.25,45,,,,2017-06-29 9:11:28,5
719,–§—Ä—É–∫—Ç—ã —Å—É—à–µ–Ω—ã–µ - —á–µ—Ä–Ω–æ—Å–ª–∏–≤,57.80,2.30,0.00,25,,,,2017-06-29 9:11:28,5
718,–§—Ä—É–∫—Ç—ã —Å—É—à–µ–Ω—ã–µ - —è–±–ª–æ–∫–∏,48.00,2.20,0.00,30,,,,2017-06-29 9:11:28,5
639,–§—Ä—É–∫—Ç—ã-–∞–ø–µ–ª—å—Å–∏–Ω—ã,8.40,0.90,0.00,43,,,,2017-06-29 9:11:28,5
720,–§—Ä—É–∫—Ç—ã-–±–∞–Ω–∞–Ω,22.40,1.50,0.00,62,,,,2017-06-29 9:11:28,5
715,–§—Ä—É–∫—Ç—ã-–≤–∏—à–Ω—è,11.30,0.80,0.00,22,,,,2017-06-29 9:11:28,5
713,–§—Ä—É–∫—Ç—ã-–≥—Ä–∞–Ω–∞—Ç,11.80,0.90,0.00,30,,,,2017-06-29 9:11:28,5
714,–§—Ä—É–∫—Ç—ã-–≥—Ä–µ–π–ø—Ñ—Ä—É–∫—Ç,7.30,0.90,0.00,25,,,,2017-06-29 9:11:28,5
640,–§—Ä—É–∫—Ç—ã-–≥—Ä—É—à–∞,10.70,0.40,0.00,36,,,,2017-06-29 9:11:28,5
716,–§—Ä—É–∫—Ç—ã-–∫—Ä—ã–∂–æ–≤–Ω–∏–∫,9.90,0.70,0.00,40,,,,2017-06-29 9:11:28,5
641,–§—Ä—É–∫—Ç—ã-–ª–∏–º–æ–Ω—ã,3.60,0.90,0.00,20,,,,2017-06-29 9:11:28,5
717,–§—Ä—É–∫—Ç—ã-–º–∞–ª–∏–Ω–∞,9.00,0.80,0.00,30,,,,2017-06-29 9:11:28,5
642,–§—Ä—É–∫—Ç—ã-–º–∞–Ω–¥–∞—Ä–∏–Ω—ã,8.10,0.80,0.00,40,,,,2017-06-29 9:11:28,5
643,–§—Ä—É–∫—Ç—ã-—Ö—É—Ä–º–∞,15.90,0.50,0.00,45,,,,2017-06-29 9:11:28,5
594,–§—Ä—É–∫—Ç—ã-—á–µ—Ä–Ω–∏–∫–∞ —Å —Å–∞—Ö–∞—Ä–æ–º,50.10,0.60,0.00,0,,,,2017-06-29 9:11:28,5
644,–§—Ä—É–∫—Ç—ã-—è–±–ª–æ–∫–∏,11.30,0.40,0.00,38,,,,2017-06-29 9:11:28,5
878,–§—É–Ω–¥—É–∫ –∂–∞—Ä–µ–Ω—ã–π,10.70,14.80,64.00,50,,,,2017-06-29 9:11:28,5


1133,,43.00,7.30,2.70,60,,,,2017-06-29 9:11:28,5
1167,,61.70,9.10,1.50,60,,,,2017-06-29 9:11:28,5
647,,49.00,6.00,0.50,63,,,,2017-06-29 9:11:28,5
1954,,52.70,9.20,2.50,65,,,,2018-02-27 15:39:56,5
1423,,51.00,5.50,0.50,60,,,,2017-08-31 19:42:09,5
1119,,49.00,6.00,0.50,40,,,,2017-06-29 9:11:28,5
1063,,49.00,6.00,0.50,60,,,,2017-06-29 9:11:28,5
754,,50.00,5.50,0.50,60,,,,2017-06-29 9:11:28,5
781,,48.00,5.90,0.50,70,,,,2017-06-29 9:11:28,5
1164,,57.70,10.40,2.70,60,,,,2017-06-29 9:11:28,5
858,,48.00,8.50,2.00,60,,,,2017-06-29 9:11:28,5
861,,49.00,6.00,0.50,60,,,,2017-06-29 9:11:28,5
1049,,50.00,6.00,0.50,60,,,,2017-06-29 9:11:28,5
1300,,56.00,8.80,0.80,60,,,,2017-07-27 5:41:32,5
1148,,48.00,6.50,0.50,60,,,,2017-06-29 9:11:28,5
782,,51.00,6.70,0.50,70,,,,2017-06-29 9:11:28,5
1385,,49.00,6.50,0.50,60,,,,2017-08-19 6:15:31,5
1292,,51.00,6.00,0.50,60,,,,2017-07-25 6:28:46,5
1143,,49.00,5.50,0.50,60,,,,2017-06-29 9:11:28,5
1025,,51.00,5.50,0.50,60,,,,2017-06-29 9:11:28,5
1997,,51.00,7.00,0.50,65,,,,2018-03-24 10:56:08,5



1987,,52.00,9.00,1.00,65,,,,2018-03-19 5:53:32,5
1502,,47.00,7.50,0.50,60,,,,2017-09-24 9:32:33,5
853,,51.00,6.00,0.50,60,,,,2017-06-29 9:11:28,5
1082,,47.90,5.90,0.60,60,,,,2017-06-29 9:11:28,5
2189,,49.00,6.00,1.00,65,,,,2018-06-10 8:39:57,5
731,,49.00,5.50,0.50,60,,,,2017-06-29 9:11:28,5
1366,,35.00,7.00,2.50,60,,,,2017-08-14 12:27:34,5
723,,52.00,6.00,0.50,60,,,,2017-06-29 9:11:28,5
666,,49.40,7.60,0.60,54,,,,2017-06-29 9:11:28,5
746,,49.00,5.00,0.50,60,,,,2017-06-29 9:11:28,5

1476,,46.40,5.40,0.60,60,,,,2017-09-17 6:23:59,5
693,,48.00,7.00,0.50,60,,,,2017-06-29 9:11:28,5
1188,,46.50,7.50,1.00,60,,,,2017-06-29 9:11:28,5
702,,46.00,8.00,1.50,70,,,,2017-06-29 9:11:28,5
1170,,63.50,7.30,15.40,50,,,,2017-06-29 9:11:28,5
1660,,57.00,10.00,2.00,60,,,,2017-11-17 10:04:27,5
1216,,52.00,12.00,3.00,40,,,,2017-06-29 9:40:22,5
1224,,66.00,9.00,2.00,50,,,,2017-07-03 6:10:31,5
1548,,59.00,8.00,3.00,70,,,,2017-10-11 9:45:36,5
1666,,66.00,9.00,2.00,65,,,,2017-11-20 5:52:48,5
1568,,60.00,11.00,6.00,65,,,,2017-10-17 8:10:48,5
953,,56.90,11.60,2.10,60,,,,2017-06-29 9:11:28,5
952,,57.10,10.10,2.30,60,,,,2017-06-29 9:11:28,5
1093,,69.20,10.70,1.80,50,,,,2017-06-29 9:11:28,5
933,,67.00,9.10,1.80,60,,,,2017-06-29 9:11:28,5
1146,,66.40,10.00,29.00,60,,,,2017-06-29 9:11:28,5
885,,71.00,8.50,1.50,60,,,,2017-06-29 9:11:28,5
1668,,70.70,11.20,6.20,50,,,,2017-11-20 9:37:50,5
1529,,75.60,7.50,4.80,70,,,,2017-10-02 3:53:20,5
1214,,74.00,5.00,3.50,80,,,,2017-06-29 9:11:28,5
1339,,60.00,11.00,8.00,70,,,,2017-08-08 21:53:41,5
1297,,56.00,14.00,6.70,60,,,,2017-07-27 5:28:07,5
1219,,68.00,10.00,6.00,70,,,,2017-07-02 6:15:30,5
1525,,55.00,14.00,8.00,70,,,,2017-10-01 5:54:33,5
1271,,62.00,12.00,6.00,60,,,,2017-07-18 5:35:56,5
1995,,65.00,10.00,2.50,60,,,,2018-03-23 14:04:18,5
1284,,56.45,12.70,6.00,70,,,,2017-07-23 5:15:09,5
1998,,73.90,7.30,4.20,85,,,,2018-03-24 14:05:23,5
825,,85.00,8.00,1.00,60,,,,2017-06-29 9:11:28,5

695,,50.00,24.00,1.50,37,,,,2017-06-29 9:11:28,5
894,–ß–∏–∑–±—É—Ä–≥–µ—Ä(McDonalds),25.00,13.00,13.00,60,,,,2017-06-29 9:11:28,5







2206,,14.00,2.80,3.00,80,,,,2018-06-16 11:51:24,5
917,–ß—É–ø–∞-—á—É–ø—Å,95.00,0.00,0.00,99,,,,2017-06-29 9:11:28,5
1412,–®–∞–º–ø–∏–Ω—å–æ–Ω—ã –∑–∞–º–æ—Ä–æ–∂–µ–Ω–Ω—ã–µ ,2.40,2.70,0.40,40,,,,2017-08-29 9:30:25,5
1481,,59.70,9.00,17.90,65,,,,2017-09-19 6:27:33,5
906,,81.00,6.00,1.50,60,,,,2017-06-29 9:11:28,5
1142,,66.80,4.80,24.70,50,,,,2017-06-29 9:11:28,5
1040,–®–∞—Ä–∏–∫–∏ –Ω–µ—Å–∫–≤–∏–∫ –¥—É–æ,74.60,8.30,4.70,70,,,,2017-06-29 9:11:28,5
1349,,72.90,8.60,3.60,70,,,,2017-08-11 5:11:09,5
1865,,79.80,5.70,1.40,80,,,,2018-01-26 19:45:12,5
1604,,79.00,8.00,1.50,80,,,,2017-10-29 6:26:50,5

1091,,34.38,12.52,34.91,40,,,,2017-06-29 9:11:28,5
1090,,33.70,7.90,36.20,40,,,,2017-06-29 9:11:28,5
1283,,61.00,5.30,28.00,60,,,,2017-07-23 5:14:26,5
1613,,57.00,6.50,34.00,65,,,,2017-10-31 16:27:27,5
1493,,53.00,5.50,39.00,60,,,,2017-09-23 12:27:40,5
1351,,49.70,6.40,5.30,65,,,,2017-08-11 5:20:12,5
1817,,40.00,84.00,40.90,60,,,,2018-01-11 6:42:01,5
767,,38.00,10.00,39.00,45,,,,2017-06-29 9:11:28,5



801,,53.50,8.70,35.00,70,,,,2017-06-29 9:11:28,5
798,—à–æ–∫–æ–ª–∞–¥ –∫–∏—Ç–∫–∞—Ç,62.00,5.70,28.00,70,,,,2017-06-29 9:11:28,5

1892,,56.50,7.60,30.50,60,,,,2018-02-01 16:03:32,5



815,,64.00,5.20,23.00,60,,,,2017-06-29 9:11:28,5
1517,,56.00,7.30,33.00,60,,,,2017-09-29 14:01:00,5

876,,39.00,8.00,41.00,60,,,,2017-06-29 9:11:28,5
748,,42.00,6.50,37.00,60,,,,2017-06-29 9:11:28,5
1109,,51.00,6.50,34.00,50,,,,2017-06-29 9:11:28,5
1705,,55.00,6.00,34.00,60,,,,2017-12-01 13:48:43,5
1033,,65.40,3.90,24.00,60,,,,2017-06-29 9:11:28,5
2049,,18.70,5.30,34.80,60,,,,2018-04-20 5:40:20,5
1243,,51.20,5.70,35.70,50,,,,2017-07-07 10:06:50,5
980,,51.00,7.40,37.00,60,,,,2017-06-29 9:11:28,5
707,,58.00,5.50,31.00,60,,,,2017-06-29 9:11:28,5
1052,,29.10,6.70,24.80,50,,,,2017-06-29 9:11:28,5
732,,48.90,6.10,39.70,60,,,,2017-06-29 9:11:28,5
2290,,65.68,4.18,21.13,55,,,,2018-07-24 10:02:18,5
1213,,66.00,3.00,31.00,60,,,,2017-06-29 9:11:28,5

745,,76.60,8.20,2.50,70,,,,2017-06-29 9:11:28,5

1627,,38.00,8.00,26.00,65,,,,2017-11-06 10:10:04,5
836,,38.00,8.00,26.00,50,,,,2017-06-29 9:11:28,5
2323,,2.50,10.40,0.00,50,,,,2018-08-03 5:13:24,5
1231,–Ø–±–ª–æ—á–Ω–∞—è —Å–º–æ–∫–≤–∞,47.20,0.20,0.00,70,,,,2017-07-04 11:25:41,5
1696,–Ø–±–ª–æ—á–Ω—ã–µ —á–∏–ø—Å—ã,73.71,2.00,0.69,70,,,,2017-11-27 12:32:47,5
1729,–Ø–≥–æ–¥–∞ –º–æ—Ä–æ–∂–µ–Ω–Ω–∞—è  - –≤–∏—à–Ω—è üçí ,14.00,0.70,0.20,50,,,,2017-12-12 15:26:08,5
1381,–Ø–≥–æ–¥–∞ —Å–≤–µ–∂–∞—è  - –≥–æ–ª—É–±–∏–∫–∞,8.20,1.00,0.00,60,,,,2017-08-18 6:37:29,5
1332,–Ø–≥–æ–¥—ã —Å–≤–µ–∂–∏–µ - –∞—Ä–±—É–∑,5.80,0.60,0.10,70,,,,2017-08-05 10:45:14,5




649,—è–π—Ü–æ –∫—É—Ä–∏–Ω–æ–µ,1.00,13.00,12.00,50,,,,2017-06-29 9:11:28,5
648,—è–π—Ü–æ –ø–µ—Ä–µ–ø. ,0.80,11.70,12.00,49,,,,2017-06-29 9:11:28,5
1530,,64.00,3.00,20.00,50,,,,2017-10-02 9:17:26,5
981,,4.50,8.00,0.00,50,,,,2017-06-29 9:11:28,5

1341,M&m —à–æ–∫–æ–ª–∞–¥,70.70,5.00,19.00,60,,,,2017-08-09 15:01:17,5
1596,M&m —Å –æ—Ä–µ—Ö–∞–º–∏,61.00,9.30,24.50,70,,,,2017-10-25 12:35:26,5